{
  "daily_strangle": {
    "calm": {
      "mean_trig": 1.6079136690647482,
      "mult": 7.993742505995203,
      "payouts": 1607.913669064748,
      "hedge_net": -15.517905756673489
    },
    "elev": {
      "mean_trig": 4.568773234200743,
      "mult": 8.657218091697645,
      "payouts": 4568.773234200744,
      "hedge_net": 822.3618835819364
    },
    "mod": {
      "mean_trig": 2.8619676945668133,
      "mult": 8.280775819872737,
      "payouts": 2861.9676945668134,
      "hedge_net": 249.95578450392887
    },
    "stress": {
      "mean_trig": 6.263990267639903,
      "mult": 9.853355636658556,
      "payouts": 6263.990267639902,
      "hedge_net": 1747.553952607965
    }
  },
  "straddle_30d": {
    "calm": {
      "mean_trig": 1.6079136690647482,
      "mult": 7.993742505995203,
      "payouts": 1607.913669064748,
      "hedge_net": -25.94626758423832
    },
    "elev": {
      "mean_trig": 4.568773234200743,
      "mult": 8.657218091697645,
      "payouts": 4568.773234200744,
      "hedge_net": 639.6177637373079
    },
    "mod": {
      "mean_trig": 2.8619676945668133,
      "mult": 8.280775819872737,
      "payouts": 2861.9676945668134,
      "hedge_net": 285.3934423116991
    },
    "stress": {
      "mean_trig": 6.263990267639903,
      "mult": 9.853355636658556,
      "payouts": 6263.990267639902,
      "hedge_net": 835.4810202490046
    }
  }
}